id,name,email,provider,provider_id,avatar,role,last_login_at,created_at,created_by,updated_at,updated_by,deleted_at,deleted_by,version
1,田中 太郎,tanaka.taro@example.com,1,100000001,_NULL_,1,2026-01-01 09:00:00,2026-01-01 09:00:00,1,2026-01-01 09:00:00,1,_NULL_,_NULL_,1
2,佐藤 花子,sato.hanako@example.com,1,100000002,_NULL_,2,2026-01-02 09:00:00,2026-01-02 09:00:00,1,2026-01-02 09:00:00,1,_NULL_,_NULL_,1
3,鈴木 一郎,suzuki.ichiro@example.com,1,100000003,_NULL_,2,2026-01-03 09:00:00,2026-01-03 09:00:00,1,2026-01-03 09:00:00,1,_NULL_,_NULL_,1
4,高橋 美咲,takahashi.misaki@example.com,1,100000004,_NULL_,2,2026-01-04 09:00:00,2026-01-04 09:00:00,1,2026-01-04 09:00:00,1,_NULL_,_NULL_,1
5,伊藤 健太,ito.kenta@example.com,1,100000005,_NULL_,2,2026-01-05 09:00:00,2026-01-05 09:00:00,1,2026-01-05 09:00:00,1,_NULL_,_NULL_,1
6,渡辺 直子,watanabe.naoko@example.com,1,100000006,_NULL_,2,2026-01-06 09:00:00,2026-01-06 09:00:00,1,2026-01-06 09:00:00,1,_NULL_,_NULL_,1
7,中村 雄介,nakamura.yusuke@example.com,1,100000007,_NULL_,2,2026-01-07 09:00:00,2026-01-07 09:00:00,1,2026-01-07 09:00:00,1,_NULL_,_NULL_,1
8,小林 千恵,kobayashi.chie@example.com,1,100000008,_NULL_,2,2026-01-08 09:00:00,2026-01-08 09:00:00,1,2026-01-08 09:00:00,1,_NULL_,_NULL_,1
9,加藤 浩二,kato.koji@example.com,1,100000009,_NULL_,2,2026-01-09 09:00:00,2026-01-09 09:00:00,1,2026-01-09 09:00:00,1,_NULL_,_NULL_,1
10,吉田 奈緒,yoshida.nao@example.com,1,100000010,_NULL_,2,2026-01-10 09:00:00,2026-01-10 09:00:00,1,2026-01-10 09:00:00,1,_NULL_,_NULL_,1
11,山田 俊介,yamada.shunsuke@example.com,1,100000011,_NULL_,2,2026-01-11 09:00:00,2026-01-11 09:00:00,1,2026-01-11 09:00:00,1,_NULL_,_NULL_,1
12,松本 さくら,matsumoto.sakura@example.com,1,100000012,_NULL_,2,2026-01-12 09:00:00,2026-01-12 09:00:00,1,2026-01-12 09:00:00,1,_NULL_,_NULL_,1
13,井上 大輝,inoue.daiki@example.com,1,100000013,_NULL_,2,2026-01-13 09:00:00,2026-01-13 09:00:00,1,2026-01-13 09:00:00,1,_NULL_,_NULL_,1
14,木村 恵美,kimura.emi@example.com,1,100000014,_NULL_,2,2026-01-14 09:00:00,2026-01-14 09:00:00,1,2026-01-14 09:00:00,1,_NULL_,_NULL_,1
15,林 翔太,hayashi.shota@example.com,1,100000015,_NULL_,2,2026-01-15 09:00:00,2026-01-15 09:00:00,1,2026-01-15 09:00:00,1,_NULL_,_NULL_,1
16,清水 麻衣,shimizu.mai@example.com,1,100000016,_NULL_,2,2026-01-16 09:00:00,2026-01-16 09:00:00,1,2026-01-16 09:00:00,1,_NULL_,_NULL_,1
17,山口 慎一,yamaguchi.shinichi@example.com,1,100000017,_NULL_,2,2026-01-17 09:00:00,2026-01-17 09:00:00,1,2026-01-17 09:00:00,1,_NULL_,_NULL_,1
18,池田 由美,ikeda.yumi@example.com,1,100000018,_NULL_,2,2026-01-18 09:00:00,2026-01-18 09:00:00,1,2026-01-18 09:00:00,1,_NULL_,_NULL_,1
19,橋本 拓也,hashimoto.takuya@example.com,1,100000019,_NULL_,2,2026-01-19 09:00:00,2026-01-19 09:00:00,1,2026-01-19 09:00:00,1,_NULL_,_NULL_,1
20,石田 由香,ishida.yuka@example.com,1,100000020,_NULL_,2,2026-01-20 09:00:00,2026-01-20 09:00:00,1,2026-01-20 09:00:00,1,_NULL_,_NULL_,1
